{
  "properties": {
    "connectionReferences": {
      "shared_microsoftforms": {
        "runtimeSource": "embedded",
        "connection": {
          "connectionReferenceLogicalName": "fukuda_Forms_admin"
        },
        "api": {
          "name": "shared_microsoftforms"
        }
      },
      "shared_office365users": {
        "runtimeSource": "embedded",
        "connection": {
          "connectionReferenceLogicalName": "fukuda_Office_365_User_admin"
        },
        "api": {
          "name": "shared_office365users"
        }
      },
      "shared_teams-1": {
        "runtimeSource": "embedded",
        "connection": {
          "connectionReferenceLogicalName": "fukuda_Teams_admin"
        },
        "api": {
          "name": "shared_teams"
        }
      },
      "shared_onedriveforbusiness_1": {
        "runtimeSource": "embedded",
        "connection": {
          "connectionReferenceLogicalName": "fukuda_OneDrive_admin"
        },
        "api": {
          "name": "shared_onedriveforbusiness"
        }
      },
      "shared_sharepointonline": {
        "runtimeSource": "embedded",
        "connection": {
          "connectionReferenceLogicalName": "fukuda_SharePoint_admin"
        },
        "api": {
          "name": "shared_sharepointonline"
        }
      }
    },
    "definition": {
      "$schema": "https://schema.management.azure.com/providers/Microsoft.Logic/schemas/2016-06-01/workflowdefinition.json#",
      "contentVersion": "undefined",
      "parameters": {
        "$connections": {
          "defaultValue": {},
          "type": "Object"
        },
        "$authentication": {
          "defaultValue": {},
          "type": "SecureObject"
        },
        "Forms_Post_Notification_Form_Id (fukuda_Forms_Post_Notification_Form_Id)": {
          "defaultValue": "0MuUjyC9mE2F2ShzzhTJT_Qmi9e8Y2dAvdlLOzSHAGVUMTBKUllUTkdURjNZSktPNzFNMjBHOU1PUyQlQCN0PWcu",
          "type": "String",
          "metadata": {
            "schemaName": "fukuda_Forms_Post_Notification_Form_Id"
          }
        },
        "Forms_Post_Notification_DestinationA_Channel_Id (fukuda_Forms_Post_Notification_DestinationA_Channel_Id)": {
          "defaultValue": "19:R2BH-U25VwSqyGToxa4fX_HP7nKsDFrlAHOJojas1j01@thread.tacv2",
          "type": "String",
          "metadata": {
            "schemaName": "fukuda_Forms_Post_Notification_DestinationA_Channel_Id"
          }
        },
        "Forms_Post_Notification_DestinationA_Team_Id (fukuda_Forms_Post_Notification_DestinationA_Team_Id)": {
          "defaultValue": "eff0aba8-598b-4ded-921b-8488e4d0a8c5",
          "type": "String",
          "metadata": {
            "schemaName": "fukuda_Forms_Post_Notification_DestinationA_Team_Id"
          }
        },
        "Forms_Post_Notification_DestinationB_Channel_Id (fukuda_Forms_Post_Notification_DestinationB_Channel_Id)": {
          "defaultValue": "19:_XZT4pZm18LnlcmlcAjF4TCPszkzHHGnz-z-Zqo0j5I1@thread.tacv2",
          "type": "String",
          "metadata": {
            "schemaName": "fukuda_Forms_Post_Notification_DestinationB_Channel_Id"
          }
        },
        "Forms_Post_Notification_DestinationB_Team_Id (fukuda_Forms_Post_Notification_DestinationB_Team_Id)": {
          "defaultValue": "73d7c494-4ce0-4edb-be19-4b310b795e24",
          "type": "String",
          "metadata": {
            "schemaName": "fukuda_Forms_Post_Notification_DestinationB_Team_Id"
          }
        },
        "Forms_Post_Notification_Form_Destination_Field_Id (fukuda_Forms_Post_Notification_Form_Destination_Field_Id)": {
          "defaultValue": "r6138673c0b884eb98d1b5b32402c2427",
          "type": "String",
          "metadata": {
            "schemaName": "fukuda_Forms_Post_Notification_Form_Destination_Field_Id"
          }
        },
        "Forms_Post_Notification_Form_Attachment_Field_Id (fukuda_Forms_Post_Notification_Form_Attachment_Field_Id)": {
          "defaultValue": "ra2b5304d1dde4f84a10df54d908a4195",
          "type": "String",
          "metadata": {
            "schemaName": "fukuda_Forms_Post_Notification_Form_Attachment_Field_Id"
          }
        },
        "Forms_Post_Notification_err_to (fukuda_Forms_Post_Notification_err_to)": {
          "defaultValue": "admin@30qxkb.onmicrosoft.com",
          "type": "String",
          "metadata": {
            "schemaName": "fukuda_Forms_Post_Notification_err_to"
          }
        }
      },
      "triggers": {
        "新しい応答が送信されるとき": {
          "splitOn": "@triggerOutputs()?['body/value']",
          "metadata": {
            "operationMetadataId": "b9db7a0b-1938-45cf-9dbe-fba800321c10"
          },
          "type": "OpenApiConnectionWebhook",
          "inputs": {
            "host": {
              "connectionName": "shared_microsoftforms",
              "operationId": "CreateFormWebhook",
              "apiId": "/providers/Microsoft.PowerApps/apis/shared_microsoftforms"
            },
            "parameters": {
              "form_id": "@parameters('Forms_Post_Notification_Form_Id (fukuda_Forms_Post_Notification_Form_Id)')"
            },
            "authentication": "@parameters('$authentication')"
          }
        }
      },
      "actions": {
        "変数を初期化する:teamId": {
          "runAfter": {},
          "metadata": {
            "operationMetadataId": "ef966a88-22fa-4abc-9cd5-75ccce15ac9d"
          },
          "type": "InitializeVariable",
          "inputs": {
            "variables": [
              {
                "name": "teamId",
                "type": "string"
              }
            ]
          }
        },
        "変数を初期化する:fileUrls": {
          "runAfter": {
            "変数を初期化する-channelId": [
              "Succeeded"
            ]
          },
          "metadata": {
            "operationMetadataId": "e7df73f6-71c8-4ba7-b645-75a70672757f"
          },
          "type": "InitializeVariable",
          "inputs": {
            "variables": [
              {
                "name": "fileUrls",
                "type": "array"
              }
            ]
          }
        },
        "スコープ:try": {
          "actions": {
            "応答の詳細を取得する": {
              "runAfter": {},
              "metadata": {
                "operationMetadataId": "96977949-3490-4768-ae20-48a9beb07bda"
              },
              "type": "OpenApiConnection",
              "inputs": {
                "host": {
                  "connectionName": "shared_microsoftforms",
                  "operationId": "GetFormResponseById",
                  "apiId": "/providers/Microsoft.PowerApps/apis/shared_microsoftforms"
                },
                "parameters": {
                  "form_id": "@parameters('Forms_Post_Notification_Form_Id (fukuda_Forms_Post_Notification_Form_Id)')",
                  "response_id": "@triggerOutputs()?['body/resourceData/responseId']"
                },
                "authentication": "@parameters('$authentication')"
              }
            },
            "スイッチ:配信先チーム・チャネルの設定": {
              "runAfter": {
                "変数の設定:requestDetail": [
                  "Succeeded"
                ]
              },
              "cases": {
                "配信先Ａ": {
                  "case": "依頼A",
                  "actions": {
                    "変数の設定:teamID-A": {
                      "runAfter": {},
                      "metadata": {
                        "operationMetadataId": "e8a2f246-7be8-4d2f-a781-241ba48d3531"
                      },
                      "type": "SetVariable",
                      "inputs": {
                        "name": "TeamId",
                        "value": "@parameters('Forms_Post_Notification_DestinationA_Team_Id (fukuda_Forms_Post_Notification_DestinationA_Team_Id)')"
                      },
                      "description": "@{parameters('Forms_Post_Notification_DestinationA_Team_Id (fukuda_Forms_Post_Notification_DestinationA_Team_Id)')}"
                    },
                    "変数の設定:channelId-A": {
                      "runAfter": {
                        "変数の設定:teamID-A": [
                          "Succeeded"
                        ]
                      },
                      "metadata": {
                        "operationMetadataId": "5fe8df42-0435-4bff-a26b-2ee2290670e2"
                      },
                      "type": "SetVariable",
                      "inputs": {
                        "name": "ChannelId",
                        "value": "@parameters('Forms_Post_Notification_DestinationA_Channel_Id (fukuda_Forms_Post_Notification_DestinationA_Channel_Id)')"
                      },
                      "description": "@{parameters('Forms_Post_Notification_DestinationA_Channel_Id (fukuda_Forms_Post_Notification_DestinationA_Channel_Id)')}"
                    }
                  }
                },
                "配信先Ｂ": {
                  "case": "依頼B",
                  "actions": {
                    "変数の設定:teamID-B": {
                      "runAfter": {},
                      "metadata": {
                        "operationMetadataId": "35315fe7-6226-4a50-90ef-bc81ce5c6ac1"
                      },
                      "type": "SetVariable",
                      "inputs": {
                        "name": "TeamId",
                        "value": "@parameters('Forms_Post_Notification_DestinationB_Team_Id (fukuda_Forms_Post_Notification_DestinationB_Team_Id)')"
                      },
                      "description": "@{parameters('Forms_Post_Notification_DestinationB_Team_Id (fukuda_Forms_Post_Notification_DestinationB_Team_Id)')}"
                    },
                    "変数の設定:channelId-B": {
                      "runAfter": {
                        "変数の設定:teamID-B": [
                          "Succeeded"
                        ]
                      },
                      "metadata": {
                        "operationMetadataId": "094978b1-4fdf-4ff5-a0ec-f7135295a927"
                      },
                      "type": "SetVariable",
                      "inputs": {
                        "name": "ChannelId",
                        "value": "@parameters('Forms_Post_Notification_DestinationB_Channel_Id (fukuda_Forms_Post_Notification_DestinationB_Channel_Id)')"
                      },
                      "description": "@{parameters('Forms_Post_Notification_DestinationB_Channel_Id (fukuda_Forms_Post_Notification_DestinationB_Channel_Id)')}"
                    }
                  }
                }
              },
              "default": {
                "actions": {}
              },
              "expression": "@variables('requestDetail')",
              "metadata": {
                "operationMetadataId": "8f380fde-6091-486f-aa18-fbcd5b6c80cb"
              },
              "type": "Switch"
            },
            "ユーザーの検索_(V2)": {
              "runAfter": {
                "応答の詳細を取得する": [
                  "Succeeded"
                ]
              },
              "metadata": {
                "operationMetadataId": "82a6b2d7-6ecc-4a02-9bd2-c537b3452498"
              },
              "type": "OpenApiConnection",
              "inputs": {
                "host": {
                  "connectionName": "shared_office365users",
                  "operationId": "SearchUserV2",
                  "apiId": "/providers/Microsoft.PowerApps/apis/shared_office365users"
                },
                "parameters": {
                  "searchTerm": "@outputs('応答の詳細を取得する')?['body/responder']",
                  "top": 1,
                  "isSearchTermRequired": true
                },
                "authentication": "@parameters('$authentication')"
              }
            },
            "チャットやチャネルにカードを投稿する:チャネル通知": {
              "runAfter": {
                "作成:アダプティブカード": [
                  "Succeeded"
                ]
              },
              "metadata": {
                "operationMetadataId": "75de736b-ffc9-4b64-89be-31c8e4999bdc"
              },
              "type": "OpenApiConnection",
              "inputs": {
                "host": {
                  "connectionName": "shared_teams-1",
                  "operationId": "PostCardToConversation",
                  "apiId": "/providers/Microsoft.PowerApps/apis/shared_teams"
                },
                "parameters": {
                  "poster": "Flow bot",
                  "location": "Channel",
                  "body/recipient/groupId": "@variables('TeamId')",
                  "body/recipient/channelId": "@variables('ChannelId')",
                  "body/messageBody": "@outputs('作成:アダプティブカード')"
                },
                "authentication": "@parameters('$authentication')"
              }
            },
            "作成:アダプティブカード": {
              "runAfter": {
                "条件:添付ファイルがないか": [
                  "Succeeded"
                ]
              },
              "metadata": {
                "operationMetadataId": "768c59f7-1e3a-4291-b991-043f4518c23e"
              },
              "type": "Compose",
              "inputs": {
                "$schema": "http://adaptivecards.io/schemas/adaptive-card.json",
                "type": "AdaptiveCard",
                "version": "1.5",
                "body": [
                  {
                    "type": "TextBlock",
                    "text": "依頼者：@{body('ユーザーの検索_(V2)')?['value'][0]?['displayName']}",
                    "weight": "Bolder",
                    "size": "Medium",
                    "wrap": true
                  },
                  {
                    "type": "TextBlock",
                    "text": "依頼内容：@{variables('requestDetail')}",
                    "weight": "Bolder",
                    "size": "Medium",
                    "wrap": true
                  },
                  {
                    "type": "Container",
                    "items": "@variables('fileUrls')"
                  }
                ]
              },
              "description": "body('ユーザーの検索_(V2)')?['value'][0]?['displayName']"
            },
            "条件:添付ファイルがないか": {
              "actions": {},
              "runAfter": {
                "ユーザーの検索_(V2)": [
                  "Succeeded"
                ],
                "スイッチ:配信先チーム・チャネルの設定": [
                  "Succeeded"
                ]
              },
              "else": {
                "actions": {
                  "JSON_の解析-添付ファイル": {
                    "runAfter": {},
                    "metadata": {
                      "operationMetadataId": "b6eb963e-cdc7-4304-9915-d80c471d5dcd"
                    },
                    "type": "ParseJson",
                    "inputs": {
                      "content": "@outputs('応答の詳細を取得する')?['body'][parameters('Forms_Post_Notification_Form_Attachment_Field_Id (fukuda_Forms_Post_Notification_Form_Attachment_Field_Id)')]",
                      "schema": {
                        "type": "array",
                        "items": {
                          "type": "object",
                          "properties": {
                            "name": {
                              "type": "string"
                            },
                            "link": {
                              "type": "string"
                            },
                            "id": {
                              "type": "string"
                            },
                            "type": {},
                            "size": {
                              "type": "integer"
                            },
                            "referenceId": {
                              "type": "string"
                            },
                            "driveId": {
                              "type": "string"
                            },
                            "status": {
                              "type": "integer"
                            },
                            "uploadSessionUrl": {}
                          },
                          "required": [
                            "name",
                            "link",
                            "id",
                            "type",
                            "size",
                            "referenceId",
                            "driveId",
                            "status",
                            "uploadSessionUrl"
                          ]
                        }
                      }
                    },
                    "description": "outputs('応答の詳細を取得する')?['body'][parameters('Forms_Post_Notification_Form_Attachment_Field_Id (fukuda_Forms_Post_Notification_Form_Attachment_Field_Id)')]"
                  },
                  "Apply_to_each": {
                    "foreach": "@body('JSON_の解析-添付ファイル')",
                    "actions": {
                      "条件:OneDriveか": {
                        "actions": {
                          "共有リンクを作成する": {
                            "runAfter": {},
                            "metadata": {
                              "operationMetadataId": "9073737e-b080-49db-b09d-52ff4bb2085c"
                            },
                            "type": "OpenApiConnection",
                            "inputs": {
                              "host": {
                                "connectionName": "shared_onedriveforbusiness_1",
                                "operationId": "CreateShareLinkV2",
                                "apiId": "/providers/Microsoft.PowerApps/apis/shared_onedriveforbusiness"
                              },
                              "parameters": {
                                "id": "@items('Apply_to_each')['referenceId']",
                                "type": "View",
                                "scope": "Organization"
                              },
                              "authentication": "@parameters('$authentication')"
                            }
                          },
                          "配列変数に追加": {
                            "runAfter": {
                              "共有リンクを作成する": [
                                "Succeeded"
                              ]
                            },
                            "metadata": {
                              "operationMetadataId": "97427a40-9b39-40a0-8e07-c7733c2054fd"
                            },
                            "type": "AppendToArrayVariable",
                            "inputs": {
                              "name": "fileUrls",
                              "value": {
                                "type": "TextBlock",
                                "text": "[@{items('Apply_to_each')['name']}](@{outputs('共有リンクを作成する')?['body/WebUrl']})",
                                "wrap": true
                              }
                            }
                          }
                        },
                        "runAfter": {},
                        "else": {
                          "actions": {
                            "作成:FQDN": {
                              "runAfter": {},
                              "metadata": {
                                "operationMetadataId": "d695dbd8-d860-45a2-831b-2d94f5b58509"
                              },
                              "type": "Compose",
                              "inputs": "@substring(items('Apply_to_each')['link'], 0 , add(indexOf(replace(items('Apply_to_each')['link'], 'https://', ''), '/'), 9))",
                              "description": "substring(items('Apply_to_each')['link'], 0 , add(indexOf(replace(items('Apply_to_each')['link'], 'https://', ''), '/'), 9))"
                            },
                            "ファイルまたはフォルダーの共有リンクの作成": {
                              "runAfter": {
                                "作成:siteUrl": [
                                  "Succeeded"
                                ]
                              },
                              "metadata": {
                                "operationMetadataId": "1a6470ca-39ad-4b88-89aa-5aa6287d2999"
                              },
                              "type": "OpenApiConnection",
                              "inputs": {
                                "host": {
                                  "connectionName": "shared_sharepointonline",
                                  "operationId": "CreateSharingLink",
                                  "apiId": "/providers/Microsoft.PowerApps/apis/shared_sharepointonline"
                                },
                                "parameters": {
                                  "dataset": "@outputs('作成:siteUrl')",
                                  "table": "@body('SharePoint_に_HTTP_要求を送信します')?['parentReference']?['listId']",
                                  "id": "@body('SharePoint_に_HTTP_要求を送信します')?['fields']?['ID']",
                                  "permission/type": "view",
                                  "permission/scope": "organization"
                                },
                                "authentication": "@parameters('$authentication')"
                              },
                              "description": "body('SharePoint_に_HTTP_要求を送信します')?['parentReference']?['listId']"
                            },
                            "SharePoint_に_HTTP_要求を送信します": {
                              "runAfter": {
                                "作成:FQDN": [
                                  "Succeeded"
                                ]
                              },
                              "metadata": {
                                "operationMetadataId": "8ea0506a-9354-49f6-8055-400da78f6c7c"
                              },
                              "type": "OpenApiConnection",
                              "inputs": {
                                "host": {
                                  "connectionName": "shared_sharepointonline",
                                  "operationId": "HttpRequest",
                                  "apiId": "/providers/Microsoft.PowerApps/apis/shared_sharepointonline"
                                },
                                "parameters": {
                                  "dataset": "@outputs('作成:FQDN')",
                                  "parameters/method": "GET",
                                  "parameters/uri": "_api/v2.0/shares/u!@{replace(replace(replace(base64(items('Apply_to_each')['link']), '=', ''), '/', '_'), '+', '-')}/driveitem/listitem",
                                  "parameters/headers": {
                                    "Accept": "application/json",
                                    "Content-Type": "application/json"
                                  }
                                },
                                "authentication": "@parameters('$authentication')"
                              },
                              "description": "replace(replace(replace(base64(items('Apply_to_each')['link']), '=', ''), '/', '_'), '+', '-')"
                            },
                            "作成:siteUrl": {
                              "runAfter": {
                                "SharePoint_に_HTTP_要求を送信します": [
                                  "Succeeded"
                                ]
                              },
                              "metadata": {
                                "operationMetadataId": "f5e584b4-9f12-451c-999e-90dc73ce1d28"
                              },
                              "type": "Compose",
                              "inputs": "@substring(body('SharePoint_に_HTTP_要求を送信します')?['@odata.context'], 0, indexOf(body('SharePoint_に_HTTP_要求を送信します')?['@odata.context'], '_api'))",
                              "description": "substring(body('SharePoint_に_HTTP_要求を送信します')?['@odata.context'], 0, indexOf(body('SharePoint_に_HTTP_要求を送信します')?['@odata.context'], '_api'))"
                            },
                            "配列変数に追加_2": {
                              "runAfter": {
                                "ファイルまたはフォルダーの共有リンクの作成": [
                                  "Succeeded"
                                ]
                              },
                              "metadata": {
                                "operationMetadataId": "00de97dc-5d8e-4c38-bde4-45128ce06b62"
                              },
                              "type": "AppendToArrayVariable",
                              "inputs": {
                                "name": "fileUrls",
                                "value": {
                                  "type": "TextBlock",
                                  "text": "[@{items('Apply_to_each')['name']}](@{outputs('ファイルまたはフォルダーの共有リンクの作成')?['body/link/webUrl']})",
                                  "wrap": true
                                }
                              }
                            }
                          }
                        },
                        "expression": {
                          "contains": [
                            "@items('Apply_to_each')['link']",
                            "-my.sharepoint.com/personal/"
                          ]
                        },
                        "metadata": {
                          "operationMetadataId": "c79c3a6c-d221-4731-936b-b71f129821b8"
                        },
                        "type": "If"
                      }
                    },
                    "runAfter": {
                      "JSON_の解析-添付ファイル": [
                        "Succeeded"
                      ]
                    },
                    "metadata": {
                      "operationMetadataId": "671e11cf-ad59-47b2-a74d-33427a0e5b43"
                    },
                    "type": "Foreach"
                  }
                }
              },
              "expression": {
                "equals": [
                  "@empty(outputs('応答の詳細を取得する')?['body'][parameters('Forms_Post_Notification_Form_Attachment_Field_Id (fukuda_Forms_Post_Notification_Form_Attachment_Field_Id)')])",
                  true
                ]
              },
              "metadata": {
                "operationMetadataId": "cd1e4148-ba83-49c4-99f4-8e00392ec3d1"
              },
              "type": "If",
              "description": "empty(outputs('応答の詳細を取得する')?['body'][parameters('Forms_Post_Notification_Form_Attachment_Field_Id (fukuda_Forms_Post_Notification_Form_Attachment_Field_Id)')])"
            },
            "チャットやチャネルにカードを投稿する:登録者通知": {
              "runAfter": {
                "作成:アダプティブカード": [
                  "Succeeded"
                ]
              },
              "metadata": {
                "operationMetadataId": "a7cf35e7-d73b-4a88-9610-310591b1c5c3"
              },
              "type": "OpenApiConnection",
              "inputs": {
                "host": {
                  "connectionName": "shared_teams-1",
                  "operationId": "PostCardToConversation",
                  "apiId": "/providers/Microsoft.PowerApps/apis/shared_teams"
                },
                "parameters": {
                  "poster": "Flow bot",
                  "location": "Chat with Flow bot",
                  "body/recipient": "@outputs('応答の詳細を取得する')?['body/responder']",
                  "body/messageBody": "@outputs('作成:アダプティブカード')"
                },
                "authentication": "@parameters('$authentication')"
              }
            },
            "変数の設定:requestDetail": {
              "runAfter": {
                "応答の詳細を取得する": [
                  "Succeeded"
                ]
              },
              "metadata": {
                "operationMetadataId": "6564cc00-eda3-473e-9dd3-5b817c78d18a"
              },
              "type": "SetVariable",
              "inputs": {
                "name": "requestDetail",
                "value": "@{\r\noutputs('応答の詳細を取得する')?['body'][parameters('Forms_Post_Notification_Form_Destination_Field_Id (fukuda_Forms_Post_Notification_Form_Destination_Field_Id)')]}"
              },
              "description": "outputs('応答の詳細を取得する')?['body'][parameters('Forms_Post_Notification_Form_Destination_Field_Id (fukuda_Forms_Post_Notification_Form_Destination_Field_Id)')]"
            }
          },
          "runAfter": {
            "変数を初期化する:fileUrls": [
              "Succeeded"
            ],
            "変数を初期化する:err_to": [
              "Succeeded"
            ]
          },
          "metadata": {
            "operationMetadataId": "850f0125-436d-4db6-a18b-42fe8ea33cbe"
          },
          "type": "Scope"
        },
        "変数を初期化する:requestDetail": {
          "runAfter": {},
          "metadata": {
            "operationMetadataId": "2b7e4222-b8f3-4647-b710-de8446b3764b"
          },
          "type": "InitializeVariable",
          "inputs": {
            "variables": [
              {
                "name": "requestDetail",
                "type": "string"
              }
            ]
          }
        },
        "スコープ:catch": {
          "actions": {
            "JSON_の解析:workflow": {
              "runAfter": {},
              "metadata": {
                "operationMetadataId": "fcf6b580-f3a6-49b6-af2f-a4adcd49636f"
              },
              "type": "ParseJson",
              "inputs": {
                "content": "@workflow()",
                "schema": {
                  "type": "object",
                  "properties": {
                    "id": {
                      "type": "string"
                    },
                    "name": {
                      "type": "string"
                    },
                    "type": {
                      "type": "string"
                    },
                    "location": {
                      "type": "string"
                    },
                    "tags": {
                      "type": "object",
                      "properties": {
                        "flowDisplayName": {
                          "type": "string"
                        },
                        "environmentName": {
                          "type": "string"
                        },
                        "logicAppName": {
                          "type": "string"
                        },
                        "environmentWorkflowId": {
                          "type": "string"
                        },
                        "xrmWorkflowId": {
                          "type": "string"
                        },
                        "environmentFlowSuspensionReason": {
                          "type": "string"
                        },
                        "sharingType": {
                          "type": "string"
                        },
                        "state": {
                          "type": "string"
                        },
                        "createdTime": {
                          "type": "string"
                        },
                        "lastModifiedTime": {
                          "type": "string"
                        },
                        "createdBy": {
                          "type": "string"
                        },
                        "triggerType": {
                          "type": "string"
                        }
                      }
                    },
                    "run": {
                      "type": "object",
                      "properties": {
                        "id": {
                          "type": "string"
                        },
                        "name": {
                          "type": "string"
                        },
                        "type": {
                          "type": "string"
                        }
                      }
                    }
                  }
                }
              }
            },
            "作成:workflow_details": {
              "runAfter": {
                "JSON_の解析:workflow": [
                  "Succeeded"
                ]
              },
              "metadata": {
                "operationMetadataId": "40277131-11fe-45a9-aec8-1ff1e464f0b9"
              },
              "type": "Compose",
              "inputs": "https://make.powerautomate.com/manage/environments/@{body('JSON_の解析:workflow')?['tags']?['environmentName']}/flows/@{body('JSON_の解析:workflow')?['name']}/details"
            },
            "作成:workflows_runs": {
              "runAfter": {
                "作成:workflow_details": [
                  "Succeeded"
                ]
              },
              "metadata": {
                "operationMetadataId": "acb3e6c9-69a8-4afa-bb15-73f31c4f96a3"
              },
              "type": "Compose",
              "inputs": "https://make.powerautomate.com/manage/environments/@{body('JSON_の解析:workflow')?['tags']?['environmentName']}/flows/@{body('JSON_の解析:workflow')?['name']}/runs/@{body('JSON_の解析:workflow')?['run']?['name']}"
            },
            "作成:notification_content": {
              "runAfter": {
                "作成:workflows_runs": [
                  "Succeeded"
                ]
              },
              "metadata": {
                "operationMetadataId": "7b8e7e57-38c0-47e5-bc1a-4eee299cf48d"
              },
              "type": "Compose",
              "inputs": "<p>ご担当者　 様<br>\n<br>\nワークフロー「@{body('JSON_の解析:workflow')?['tags']?['flowDisplayName']}」でエラーが発生しました。<br>\nエラーの詳細は、以下のリンクから確認してください。<br>\n<br>\n【フローの詳細画面のURL】：<br>\n<a href=\"@{outputs('作成:workflow_details')}\">@{outputs('作成:workflow_details')}</a><br>\n<br>\n【フローの実行履歴詳細のURL】：<br>\n<a href=\"@{outputs('作成:workflows_runs')}\">@{outputs('作成:workflows_runs')}</a><br>\n<br>"
            },
            "チャットまたはチャネルでメッセージを投稿する": {
              "runAfter": {
                "作成:notification_content": [
                  "Succeeded"
                ]
              },
              "metadata": {
                "operationMetadataId": "c80a5394-a2cb-49a8-9cf3-47dd586d325c"
              },
              "type": "OpenApiConnection",
              "inputs": {
                "host": {
                  "connectionName": "shared_teams-1",
                  "operationId": "PostMessageToConversation",
                  "apiId": "/providers/Microsoft.PowerApps/apis/shared_teams"
                },
                "parameters": {
                  "poster": "Flow bot",
                  "location": "Chat with Flow bot",
                  "body/recipient": "@{variables('err_to')};",
                  "body/messageBody": "<p>@{outputs('作成:notification_content')}</p>"
                },
                "authentication": "@parameters('$authentication')"
              }
            }
          },
          "runAfter": {
            "スコープ:try": [
              "Failed",
              "TimedOut"
            ]
          },
          "metadata": {
            "operationMetadataId": "624bd6fb-1ef1-4198-8220-099053085c25"
          },
          "type": "Scope"
        },
        "変数を初期化する-channelId": {
          "runAfter": {
            "変数を初期化する:teamId": [
              "Succeeded"
            ]
          },
          "metadata": {
            "operationMetadataId": "f59c76db-0520-4de7-b9c8-0caa5efa1a49"
          },
          "type": "InitializeVariable",
          "inputs": {
            "variables": [
              {
                "name": "channelId",
                "type": "string"
              }
            ]
          }
        },
        "変数を初期化する:err_to": {
          "runAfter": {
            "変数を初期化する:requestDetail": [
              "Succeeded"
            ]
          },
          "metadata": {
            "operationMetadataId": "272a42df-f410-4e2a-99be-854e9a2c1850"
          },
          "type": "InitializeVariable",
          "inputs": {
            "variables": [
              {
                "name": "err_to",
                "type": "string",
                "value": "@parameters('Forms_Post_Notification_err_to (fukuda_Forms_Post_Notification_err_to)')"
              }
            ]
          }
        }
      }
    },
    "templateName": ""
  },
  "schemaVersion": "1.0.0.0"
}