{
  "properties": {
    "connectionReferences": {},
    "definition": {
      "$schema": "https://schema.management.azure.com/providers/Microsoft.Logic/schemas/2016-06-01/workflowdefinition.json#",
      "contentVersion": "1.0.0.0",
      "parameters": {
        "$authentication": {
          "defaultValue": {},
          "type": "SecureObject"
        }
      },
      "triggers": {
        "manual": {
          "metadata": {
            "operationMetadataId": "846613d8-3986-467d-a360-26fa684d762a"
          },
          "type": "Request",
          "kind": "Button",
          "inputs": {
            "schema": {
              "type": "object",
              "properties": {},
              "required": []
            }
          }
        }
      },
      "actions": {
        "スコープ:try": {
          "actions": {},
          "runAfter": {
            "変数を初期化する:err_to": [
              "Succeeded"
            ]
          },
          "metadata": {
            "operationMetadataId": "1c154761-b413-4e7b-9cba-f37ed17f5ce6"
          },
          "type": "Scope",
          "description": "このスコープ内に処理を実装してください。"
        },
        "スコープ:catch": {
          "actions": {
            "子フローの実行": {
              "runAfter": {},
              "metadata": {
                "operationMetadataId": "02bb4acf-3715-4a77-aedb-00c59eede195"
              },
              "type": "Workflow",
              "inputs": {
                "host": {
                  "workflowReferenceName": "08955964-a378-ef11-a670-000d3a5b1951"
                },
                "body": {
                  "text": "@string(workflow())",
                  "text_2": "チャット",
                  "text_3": "@variables('err_to')",
                  "text_1": "@string(result('スコープ:try'))"
                }
              }
            }
          },
          "runAfter": {
            "スコープ:try": [
              "Failed",
              "TimedOut"
            ]
          },
          "metadata": {
            "operationMetadataId": "a692ea7c-6956-42a3-9267-ae2fb583ca8b"
          },
          "type": "Scope",
          "description": "汎用的なエラー処理が、標準で組み込まれています。"
        },
        "スコープ:finally": {
          "actions": {},
          "runAfter": {
            "スコープ:catch": [
              "Succeeded",
              "Failed",
              "TimedOut",
              "Skipped"
            ]
          },
          "metadata": {
            "operationMetadataId": "766ba756-1cf3-4c25-b02e-8c436dae40f8"
          },
          "type": "Scope",
          "description": "必ず実行したい処理を実装します。※以前に”終了”アクションを配置すると実行されません"
        },
        "変数を初期化する:err_to": {
          "runAfter": {},
          "metadata": {
            "operationMetadataId": "5c847d16-8835-4531-92a6-c081f4ec0d5f"
          },
          "type": "InitializeVariable",
          "inputs": {
            "variables": [
              {
                "name": "err_to",
                "type": "string"
              }
            ]
          },
          "description": "エラー発生時に通知するユーザのメールアドレスやUPNを記載します。"
        }
      }
    },
    "templateName": ""
  },
  "schemaVersion": "1.0.0.0"
}