{
  "properties": {
    "connectionReferences": {
      "shared_teams": {
        "runtimeSource": "invoker",
        "connection": {
          "connectionReferenceLogicalName": "fukuda_Microsoft_Teams_Default"
        },
        "api": {
          "name": "shared_teams"
        }
      },
      "shared_sharepointonline": {
        "runtimeSource": "invoker",
        "connection": {
          "connectionReferenceLogicalName": "fukuda_SharePoint_Default"
        },
        "api": {
          "name": "shared_sharepointonline"
        }
      }
    },
    "definition": {
      "$schema": "https://schema.management.azure.com/providers/Microsoft.Logic/schemas/2016-06-01/workflowdefinition.json#",
      "contentVersion": "undefined",
      "parameters": {
        "$connections": {
          "defaultValue": {},
          "type": "Object"
        },
        "$authentication": {
          "defaultValue": {},
          "type": "SecureObject"
        },
        "Err_To_Default (fukuda_Err_To_Default)": {
          "defaultValue": "admin@30qxkb.onmicrosoft.com",
          "type": "String",
          "metadata": {
            "schemaName": "fukuda_Err_To_Default"
          }
        }
      },
      "triggers": {
        "manual": {
          "metadata": {
            "operationMetadataId": "e7fce8e3-cae5-4ef2-86c3-469821498257"
          },
          "type": "Request",
          "kind": "Button",
          "inputs": {
            "schema": {
              "type": "object",
              "properties": {
                "text": {
                  "description": "入力を指定してください",
                  "title": "url",
                  "type": "string",
                  "x-ms-content-hint": "TEXT",
                  "x-ms-dynamically-added": true
                }
              },
              "required": [
                "text"
              ]
            },
            "headersSchema": {
              "x-ms-user-email-encoded": {
                "title": "ユーザーの電子メール",
                "type": "string",
                "format": "byte",
                "x-ms-dynamically-added": false
              }
            }
          }
        }
      },
      "actions": {
        "変数を初期化する:err_to": {
          "runAfter": {},
          "metadata": {
            "operationMetadataId": "34902204-b6d9-4b83-a9fb-34cd8759eb04"
          },
          "type": "InitializeVariable",
          "inputs": {
            "variables": [
              {
                "name": "err_to",
                "type": "string",
                "value": "@parameters('Err_To_Default (fukuda_Err_To_Default)')"
              }
            ]
          }
        },
        "スコープ:catch": {
          "actions": {
            "子フローの実行:エラー通知": {
              "runAfter": {},
              "metadata": {
                "operationMetadataId": "9e107ff2-d17c-4e8a-8831-0e083bc0db9d"
              },
              "type": "Workflow",
              "inputs": {
                "host": {
                  "workflowReferenceName": "37534a76-8280-f011-b4cc-7ced8d3c3b80"
                },
                "body": {
                  "text": "@string(workflow())",
                  "text_1": "チャット",
                  "text_2": "@variables('err_to')",
                  "text_3": "@string(result('スコープ:try'))"
                }
              }
            }
          },
          "runAfter": {
            "スコープ:try": [
              "Failed",
              "TimedOut"
            ]
          },
          "metadata": {
            "operationMetadataId": "29f17983-5beb-4b4e-9d25-980c401bbdb3"
          },
          "type": "Scope"
        },
        "スコープ:try": {
          "actions": {
            "スコープ:通知部": {
              "actions": {
                "作成:チャットで通知ための文字列を生成する": {
                  "runAfter": {},
                  "metadata": {
                    "operationMetadataId": "7b9d1ecd-f23f-4505-a8ac-c983705cf2f7"
                  },
                  "type": "Compose",
                  "inputs": "ダウンロードリンクを作成しましたので、活用ください。<br>\n<a href=\"@{outputs('作成:UniqueIDLink')}\">@{outputs('作成:UniqueIDLink')}</a><br>\n<br>\nもし上記リンクが動作しない場合は、以下のリンクをお試しください。<br>\n<a href=\"@{outputs('作成:relativeUrlLink')}\">@{outputs('作成:relativeUrlLink')}</a>"
                },
                "チャットまたはチャネルでメッセージを投稿する:リンク通知": {
                  "runAfter": {
                    "作成:チャットで通知ための文字列を生成する": [
                      "Succeeded"
                    ]
                  },
                  "metadata": {
                    "operationMetadataId": "2b9d8507-f58f-4de0-81dc-5c2ebd9378e2"
                  },
                  "type": "OpenApiConnection",
                  "inputs": {
                    "host": {
                      "connectionName": "shared_teams",
                      "operationId": "PostMessageToConversation",
                      "apiId": "/providers/Microsoft.PowerApps/apis/shared_teams"
                    },
                    "parameters": {
                      "poster": "Flow bot",
                      "location": "Chat with Flow bot",
                      "body/recipient": "@{triggerOutputs()['headers']['x-ms-user-email-encoded']};",
                      "body/messageBody": "<p>@{outputs('作成:チャットで通知ための文字列を生成する')}</p>"
                    },
                    "authentication": {
                      "type": "Raw",
                      "value": "@json(decodeBase64(triggerOutputs().headers['X-MS-APIM-Tokens']))['$ConnectionKey']"
                    }
                  }
                }
              },
              "runAfter": {
                "スコープ:downloadLink生成部": [
                  "Succeeded"
                ]
              },
              "metadata": {
                "operationMetadataId": "14e9119e-8e42-4ff5-abf1-72eab1a7f955"
              },
              "type": "Scope"
            },
            "スコープ:validate部": {
              "actions": {
                "条件:SharePointまたはOneDriveのurlかどうか": {
                  "actions": {},
                  "runAfter": {
                    "作成:FQDN": [
                      "Succeeded"
                    ]
                  },
                  "else": {
                    "actions": {
                      "チャットまたはチャネルでメッセージを投稿する:URL不正通知": {
                        "runAfter": {},
                        "metadata": {
                          "operationMetadataId": "e7c8b31c-a9c7-4291-86dc-a71d87b1b388"
                        },
                        "type": "OpenApiConnection",
                        "inputs": {
                          "host": {
                            "connectionName": "shared_teams",
                            "operationId": "PostMessageToConversation",
                            "apiId": "/providers/Microsoft.PowerApps/apis/shared_teams"
                          },
                          "parameters": {
                            "poster": "Flow bot",
                            "location": "Chat with Flow bot",
                            "body/recipient": "@{triggerOutputs()['headers']['x-ms-user-email-encoded']};",
                            "body/messageBody": "<p>このURLは対応していません。 <br>\n処理できるのは、SharePoint または OneDrive の「共有リンク」のみです。 <br>\n※「Document ID形式のリンク」は使用できませんので、ご注意ください。</p>"
                          },
                          "authentication": {
                            "type": "Raw",
                            "value": "@json(decodeBase64(triggerOutputs().headers['X-MS-APIM-Tokens']))['$ConnectionKey']"
                          }
                        }
                      },
                      "終了": {
                        "runAfter": {
                          "チャットまたはチャネルでメッセージを投稿する:URL不正通知": [
                            "Succeeded"
                          ]
                        },
                        "metadata": {
                          "operationMetadataId": "04225e93-021b-4af3-9115-9a7636efa875"
                        },
                        "type": "Terminate",
                        "inputs": {
                          "runStatus": "Succeeded"
                        }
                      }
                    }
                  },
                  "expression": {
                    "and": [
                      {
                        "contains": [
                          "@outputs('作成:FQDN')",
                          ".sharepoint.com/"
                        ]
                      },
                      {
                        "not": {
                          "contains": [
                            "@variables('url')",
                            "/_layouts/15/DocIdRedir.aspx?ID="
                          ]
                        }
                      }
                    ]
                  },
                  "metadata": {
                    "operationMetadataId": "975bf511-6ac1-4afe-9881-f370853ffb06"
                  },
                  "type": "If"
                },
                "作成:FQDN": {
                  "runAfter": {},
                  "metadata": {
                    "operationMetadataId": "d695dbd8-d860-45a2-831b-2d94f5b58509"
                  },
                  "type": "Compose",
                  "inputs": "@substring(variables('url'), 0 , add(indexOf(replace(variables('url'), 'https://', ''), '/'), 9))",
                  "description": "substring(variables('url'), 0 , add(indexOf(replace(variables('url'), 'https://', ''), '/'), 9))"
                }
              },
              "runAfter": {},
              "metadata": {
                "operationMetadataId": "7fb2519a-48ad-45c5-9273-609b2dbb3c4f"
              },
              "type": "Scope"
            },
            "スコープ:downloadLink生成部": {
              "actions": {
                "SharePoint_に_HTTP_要求を送信します": {
                  "runAfter": {},
                  "metadata": {
                    "operationMetadataId": "8ea0506a-9354-49f6-8055-400da78f6c7c"
                  },
                  "type": "OpenApiConnection",
                  "inputs": {
                    "host": {
                      "connectionName": "shared_sharepointonline",
                      "operationId": "HttpRequest",
                      "apiId": "/providers/Microsoft.PowerApps/apis/shared_sharepointonline"
                    },
                    "parameters": {
                      "dataset": "@outputs('作成:FQDN')",
                      "parameters/method": "GET",
                      "parameters/uri": "_api/v2.0/shares/u!@{replace(replace(replace(base64(variables('url')), '=', ''), '/', '_'), '+', '-')}/driveitem/listitem",
                      "parameters/headers": {
                        "Accept": "application/json",
                        "Content-Type": "application/json"
                      }
                    },
                    "authentication": {
                      "type": "Raw",
                      "value": "@json(decodeBase64(triggerOutputs().headers['X-MS-APIM-Tokens']))['$ConnectionKey']"
                    }
                  },
                  "description": "replace(replace(replace(base64(variables('url')), '=', ''), '/', '_'), '+', '-')"
                },
                "作成:siteUrl": {
                  "runAfter": {
                    "SharePoint_に_HTTP_要求を送信します": [
                      "Succeeded"
                    ]
                  },
                  "metadata": {
                    "operationMetadataId": "f5e584b4-9f12-451c-999e-90dc73ce1d28"
                  },
                  "type": "Compose",
                  "inputs": "@substring(body('SharePoint_に_HTTP_要求を送信します')?['@odata.context'], 0, indexOf(body('SharePoint_に_HTTP_要求を送信します')?['@odata.context'], '_api'))",
                  "description": "substring(body('SharePoint_に_HTTP_要求を送信します')?['@odata.context'], 0, indexOf(body('SharePoint_に_HTTP_要求を送信します')?['@odata.context'], '_api'))"
                },
                "作成:relativeUrl": {
                  "runAfter": {
                    "作成:siteUrl": [
                      "Succeeded"
                    ]
                  },
                  "metadata": {
                    "operationMetadataId": "518999c6-c701-4044-ab24-3993136288cb"
                  },
                  "type": "Compose",
                  "inputs": "/@{replace(body('SharePoint_に_HTTP_要求を送信します')?['webUrl'], outputs('作成:FQDN'), '')}",
                  "description": "replace(body('SharePoint_に_HTTP_要求を送信します')?['webUrl'], outputs('作成:FQDN'), '')"
                },
                "作成:UniqueID": {
                  "runAfter": {
                    "作成:siteUrl": [
                      "Succeeded"
                    ]
                  },
                  "metadata": {
                    "operationMetadataId": "865511d4-7f7f-4550-9c10-076de821999f"
                  },
                  "type": "Compose",
                  "inputs": "@substring(body('SharePoint_に_HTTP_要求を送信します')?['eTag'], 1, sub(indexOf(body('SharePoint_に_HTTP_要求を送信します')?['eTag'], ','), 1))",
                  "description": "substring(body('SharePoint_に_HTTP_要求を送信します')?['eTag'], 1, sub(indexOf(body('SharePoint_に_HTTP_要求を送信します')?['eTag'], ','), 1))"
                },
                "作成:UniqueIDLink": {
                  "runAfter": {
                    "作成:UniqueID": [
                      "Succeeded"
                    ]
                  },
                  "metadata": {
                    "operationMetadataId": "3639b139-770c-4b3f-84cc-3eb66b0972d3"
                  },
                  "type": "Compose",
                  "inputs": "@concat(outputs('作成:siteUrl'), '_layouts/download.aspx?UniqueID=', outputs('作成:UniqueID'))",
                  "description": "concat(outputs('作成:siteUrl'), '_layouts/download.aspx?UniqueID=', outputs('作成:UniqueID'))"
                },
                "作成:relativeUrlLink": {
                  "runAfter": {
                    "作成:relativeUrl": [
                      "Succeeded"
                    ]
                  },
                  "metadata": {
                    "operationMetadataId": "b2426d91-2aad-487c-8baa-5c2e63a6221b"
                  },
                  "type": "Compose",
                  "inputs": "@concat(outputs('作成:siteUrl'), '_layouts/download.aspx?SourceUrl=', outputs('作成:relativeUrl'))",
                  "description": "concat(outputs('作成:siteUrl'), '_layouts/download.aspx?SourceUrl=', outputs('作成:relativeUrl'))"
                }
              },
              "runAfter": {
                "スコープ:validate部": [
                  "Succeeded"
                ]
              },
              "metadata": {
                "operationMetadataId": "66b2e34e-9156-4782-85b8-c134964a3139"
              },
              "type": "Scope"
            }
          },
          "runAfter": {
            "変数を初期化する:err_to": [
              "Succeeded"
            ],
            "変数を初期化する:url": [
              "Succeeded"
            ]
          },
          "metadata": {
            "operationMetadataId": "e4d8754f-f1c3-4d0c-b006-6ff0ecce6602"
          },
          "type": "Scope"
        },
        "変数を初期化する:url": {
          "runAfter": {},
          "metadata": {
            "operationMetadataId": "46e522d6-03de-4a7b-a0b4-bc58ea75e372"
          },
          "type": "InitializeVariable",
          "inputs": {
            "variables": [
              {
                "name": "url",
                "type": "string",
                "value": "@triggerBody()['text']"
              }
            ]
          }
        },
        "スコープ:terminate": {
          "actions": {
            "条件": {
              "actions": {
                "終了_2": {
                  "runAfter": {},
                  "metadata": {
                    "operationMetadataId": "5416a721-dc74-4a82-b45d-e74e9bf922d6"
                  },
                  "type": "Terminate",
                  "inputs": {
                    "runStatus": "Failed"
                  }
                }
              },
              "runAfter": {},
              "else": {
                "actions": {
                  "終了_3": {
                    "runAfter": {},
                    "metadata": {
                      "operationMetadataId": "ec232d5a-ece8-470c-85c5-efdc804c3af4"
                    },
                    "type": "Terminate",
                    "inputs": {
                      "runStatus": "Succeeded"
                    }
                  }
                }
              },
              "expression": {
                "equals": [
                  "@actions('子フローの実行:エラー通知')?['outputs']?['statusCode']",
                  200
                ]
              },
              "metadata": {
                "operationMetadataId": "365dcb41-2365-4c89-9e0d-3dcd6270b81c"
              },
              "type": "If",
              "description": "actions('子フローの実行:エラー通知')?['outputs']?['statusCode']"
            }
          },
          "runAfter": {
            "スコープ:catch": [
              "Succeeded",
              "Failed",
              "Skipped",
              "TimedOut"
            ]
          },
          "metadata": {
            "operationMetadataId": "f23f5bbe-5d23-43ad-96ca-9b9646ca52f8"
          },
          "type": "Scope"
        }
      }
    },
    "templateName": ""
  },
  "schemaVersion": "1.0.0.0"
}