{
  "properties": {
    "connectionReferences": {
      "shared_office365": {
        "runtimeSource": "embedded",
        "connection": {
          "connectionReferenceLogicalName": "fukuda_Office_365_Outlook_admin"
        },
        "api": {
          "name": "shared_office365"
        }
      },
      "shared_office365users_1": {
        "runtimeSource": "embedded",
        "connection": {
          "connectionReferenceLogicalName": "fukuda_Office_365_User_admin"
        },
        "api": {
          "name": "shared_office365users"
        }
      },
      "shared_teams_1": {
        "runtimeSource": "embedded",
        "connection": {
          "connectionReferenceLogicalName": "fukuda_Teams_admin"
        },
        "api": {
          "name": "shared_teams"
        }
      }
    },
    "definition": {
      "$schema": "https://schema.management.azure.com/providers/Microsoft.Logic/schemas/2016-06-01/workflowdefinition.json#",
      "contentVersion": "1.0.0.0",
      "parameters": {
        "$connections": {
          "defaultValue": {},
          "type": "Object"
        },
        "$authentication": {
          "defaultValue": {},
          "type": "SecureObject"
        }
      },
      "staticResults": {
        "ユーザーの_@mention_トークンを取得する0": {
          "status": "Succeeded",
          "outputs": {
            "statusCode": "OK",
            "headers": {}
          }
        },
        "チャットまたはチャネルでメッセージを投稿する1": {
          "status": "Succeeded",
          "outputs": {
            "statusCode": "OK",
            "headers": {}
          }
        }
      },
      "triggers": {
        "manual": {
          "metadata": {
            "operationMetadataId": "82d587af-db8f-4c5e-a9ca-d30769ad8a13"
          },
          "type": "Request",
          "kind": "Button",
          "inputs": {
            "schema": {
              "type": "object",
              "properties": {
                "text": {
                  "title": "org_workflow",
                  "type": "string",
                  "x-ms-dynamically-added": true,
                  "description": "入力を指定してください",
                  "x-ms-content-hint": "TEXT"
                },
                "text_1": {
                  "title": "org_scope_results",
                  "type": "string",
                  "x-ms-dynamically-added": true,
                  "description": "入力を指定してください",
                  "x-ms-content-hint": "TEXT"
                },
                "text_2": {
                  "title": "contact_method",
                  "type": "string",
                  "x-ms-dynamically-added": true,
                  "description": "入力を指定してください",
                  "x-ms-content-hint": "TEXT",
                  "enum": [
                    "メール",
                    "チャット"
                  ]
                },
                "text_3": {
                  "title": "to",
                  "type": "string",
                  "x-ms-dynamically-added": true,
                  "description": "入力を指定してください",
                  "x-ms-content-hint": "TEXT"
                },
                "text_4": {
                  "title": "special_message",
                  "type": "string",
                  "x-ms-dynamically-added": true,
                  "description": "入力を指定してください",
                  "x-ms-content-hint": "TEXT"
                }
              },
              "required": [
                "text",
                "text_2",
                "text_3"
              ]
            }
          }
        }
      },
      "actions": {
        "スコープ：エラー情報解析部": {
          "actions": {
            "JSON_の解析:org_scope__results": {
              "runAfter": {},
              "metadata": {
                "operationMetadataId": "4cab1ad4-2a48-4a11-9530-40a18d74ac64"
              },
              "type": "ParseJson",
              "inputs": {
                "content": "@triggerBody()['text_1']",
                "schema": {
                  "type": "array",
                  "items": {
                    "type": "object",
                    "properties": {
                      "name": {
                        "type": "string"
                      },
                      "inputs": {
                        "type": "object",
                        "properties": {
                          "host": {
                            "type": "object",
                            "properties": {
                              "apiId": {
                                "type": "string"
                              },
                              "connectionReferenceName": {
                                "type": "string"
                              },
                              "operationId": {
                                "type": "string"
                              }
                            }
                          },
                          "parameters": {
                            "type": "object",
                            "properties": {
                              "dataset": {
                                "type": "string"
                              },
                              "table": {
                                "type": "string"
                              },
                              "id": {
                                "type": "integer"
                              }
                            }
                          }
                        }
                      },
                      "outputs": {
                        "type": "object",
                        "properties": {
                          "statusCode": {
                            "type": "integer"
                          },
                          "headers": {
                            "type": "object",
                            "properties": {
                              "Vary": {
                                "type": "string"
                              },
                              "X-SharePointHealthScore": {
                                "type": "string"
                              },
                              "X-MS-SPConnector": {
                                "type": "string"
                              },
                              "X-SP-SERVERSTATE": {
                                "type": "string"
                              },
                              "DATASERVICEVERSION": {
                                "type": "string"
                              },
                              "SPClientServiceRequestDuration": {
                                "type": "string"
                              },
                              "X-DataBoundary": {
                                "type": "string"
                              },
                              "X-1DSCollectorUrl": {
                                "type": "string"
                              },
                              "X-AriaCollectorURL": {
                                "type": "string"
                              },
                              "SPRequestGuid": {
                                "type": "string"
                              },
                              "request-id": {
                                "type": "string"
                              },
                              "MS-CV": {
                                "type": "string"
                              },
                              "Strict-Transport-Security": {
                                "type": "string"
                              },
                              "X-FRAME-OPTIONS": {
                                "type": "string"
                              },
                              "Content-Security-Policy": {
                                "type": "string"
                              },
                              "MicrosoftSharePointTeamServices": {
                                "type": "string"
                              },
                              "X-Content-Type-Options": {
                                "type": "string"
                              },
                              "X-MS-InvokeApp": {
                                "type": "string"
                              },
                              "Timing-Allow-Origin": {
                                "type": "string"
                              },
                              "x-ms-apihub-cached-response": {
                                "type": "string"
                              },
                              "x-ms-apihub-obo": {
                                "type": "string"
                              },
                              "Cache-Control": {
                                "type": "string"
                              },
                              "Date": {
                                "type": "string"
                              },
                              "P3P": {
                                "type": "string"
                              },
                              "X-AspNet-Version": {
                                "type": "string"
                              },
                              "X-Powered-By": {
                                "type": "string"
                              },
                              "Content-Length": {
                                "type": "string"
                              },
                              "Content-Type": {
                                "type": "string"
                              },
                              "Expires": {
                                "type": "string"
                              },
                              "Last-Modified": {
                                "type": "string"
                              }
                            }
                          },
                          "body": {
                            "type": "object",
                            "properties": {
                              "status": {
                                "type": "integer"
                              },
                              "message": {
                                "type": "string"
                              }
                            }
                          }
                        }
                      },
                      "startTime": {
                        "type": "string"
                      },
                      "endTime": {
                        "type": "string"
                      },
                      "trackingId": {
                        "type": "string"
                      },
                      "clientTrackingId": {
                        "type": "string"
                      },
                      "clientKeywords": {
                        "type": "array",
                        "items": {
                          "type": "string"
                        }
                      },
                      "code": {
                        "type": "string"
                      },
                      "status": {
                        "type": "string"
                      },
                      "error": {
                        "type": "object",
                        "properties": {
                          "code": {
                            "type": "string"
                          },
                          "message": {
                            "type": "string"
                          }
                        }
                      }
                    }
                  }
                }
              }
            },
            "アレイのフィルター処理:org_scope_results_failed": {
              "runAfter": {
                "JSON_の解析:org_scope__results": [
                  "Succeeded"
                ]
              },
              "metadata": {
                "operationMetadataId": "9c74cac6-3d51-4fec-bc16-9fadd422c57a"
              },
              "type": "Query",
              "inputs": {
                "from": "@body('JSON_の解析:org_scope__results')",
                "where": "@equals(item()['status'], 'Failed')"
              }
            },
            "条件:サイトタイトルが空か": {
              "actions": {},
              "runAfter": {
                "アレイのフィルター処理:org_scope_results_failed": [
                  "Succeeded"
                ]
              },
              "else": {
                "actions": {
                  "文字列変数に追加::mail_contents2": {
                    "runAfter": {},
                    "metadata": {
                      "operationMetadataId": "356a9c68-f992-4c11-851b-c75a021e02cd"
                    },
                    "type": "AppendToStringVariable",
                    "inputs": {
                      "name": "mail_contents",
                      "value": "サイト名　　：<br>\n<a href=\"\">アイテムへのリンク</a><br>\n<br>"
                    }
                  }
                }
              },
              "expression": {
                "equals": [
                  "@empty(triggerBody()['text_3'])",
                  true
                ]
              },
              "metadata": {
                "operationMetadataId": "ef7d4f40-ff0c-4bcb-b28b-d093bfead191"
              },
              "type": "If"
            },
            "文字列変数に追加:mail_contents2": {
              "runAfter": {
                "条件:サイトタイトルが空か": [
                  "Succeeded"
                ]
              },
              "metadata": {
                "operationMetadataId": "32b56336-b3d4-4773-83cc-b4fa188017aa"
              },
              "type": "AppendToStringVariable",
              "inputs": {
                "name": "mail_contents",
                "value": "◆エラー詳細<br>\nフロー名　　：@{variables('flowDisplayName')}<br>\n発生日時　　：@{formatDateTime(convertTimeZone(body('アレイのフィルター処理:org_scope_results_failed')?[0]?['startTime'],'UTC','Tokyo Standard Time'),'yyyy/MM/dd hh:mm:ss')}<br>\nアクション名：@{body('アレイのフィルター処理:org_scope_results_failed')?[0]?['name']}<br>\nステータス　：@{body('アレイのフィルター処理:org_scope_results_failed')?[0]?['status']}<br>\nエラー内容　：@{body('アレイのフィルター処理:org_scope_results_failed')?[0]?['error']?['code']}<br>\n@{body('アレイのフィルター処理:org_scope_results_failed')?['outputs']?['body']?['message']}<br>\n@{body('アレイのフィルター処理:org_scope_results_failed')?[0]?['error']?['message']}<br>\n<br>"
              },
              "description": "output/body/messageの追加を試みるが、要素がない場合は後続の追加処理に切り替える"
            },
            "文字列変数に追加:mail_contents3": {
              "runAfter": {
                "文字列変数に追加:mail_contents2": [
                  "Failed",
                  "TimedOut"
                ]
              },
              "metadata": {
                "operationMetadataId": "32b56336-b3d4-4773-83cc-b4fa188017aa"
              },
              "type": "AppendToStringVariable",
              "inputs": {
                "name": "mail_contents",
                "value": "◆エラー詳細<br>\nフロー名　　：@{body('JSON_の解析:org_workflow')?['tags']?['flowDisplayName']}<br>\n発生日時　　：@{formatDateTime(convertTimeZone(body('アレイのフィルター処理:org_scope_results_failed')?[0]?['startTime'],'UTC','Tokyo Standard Time'),'yyyy/MM/dd hh:mm:ss')}<br>\nアクション名：@{body('アレイのフィルター処理:org_scope_results_failed')?[0]?['name']}<br>\nステータス　：@{body('アレイのフィルター処理:org_scope_results_failed')?[0]?['status']}<br>\nエラー内容　：@{body('アレイのフィルター処理:org_scope_results_failed')?[0]?['error']?['code']}<br>\n@{body('アレイのフィルター処理:org_scope_results_failed')?[0]?['error']?['message']}<br>\n<br>"
              }
            },
            "文字列変数に追加:mail_contents4": {
              "runAfter": {
                "文字列変数に追加:mail_contents3": [
                  "Succeeded",
                  "Skipped",
                  "Failed",
                  "TimedOut"
                ]
              },
              "metadata": {
                "operationMetadataId": "19875d23-045e-483e-9ebf-33677e3620b5"
              },
              "type": "AppendToStringVariable",
              "inputs": {
                "name": "mail_contents",
                "value": "ワークフロー実行履歴は30日超えると確認できなくなるので、早めに確認をお願いします。<br>\n<br>\n該当メールは自動送信メールのため、返信しないでください。<br>\n<br>\nワークフロー監視<br>\n<br>\n</p>"
              }
            }
          },
          "runAfter": {
            "スコープ：スペシャルメッセージ追記部": [
              "Succeeded",
              "Failed",
              "Skipped",
              "TimedOut"
            ]
          },
          "metadata": {
            "operationMetadataId": "4d6d4489-ea2d-4d48-8e4e-627926d5915b"
          },
          "type": "Scope"
        },
        "変数を初期化する:mail_contents": {
          "runAfter": {
            "変数を初期化する:flowDisplayName": [
              "Succeeded"
            ]
          },
          "metadata": {
            "operationMetadataId": "881552c8-22f8-4bc1-80d5-e1247aad52e9"
          },
          "type": "InitializeVariable",
          "inputs": {
            "variables": [
              {
                "name": "mail_contents",
                "type": "string"
              }
            ]
          }
        },
        "変数を初期化する:flowDisplayName": {
          "runAfter": {},
          "metadata": {
            "operationMetadataId": "8e750c02-206e-48ef-98aa-a80740b687ca"
          },
          "type": "InitializeVariable",
          "inputs": {
            "variables": [
              {
                "name": "flowDisplayName",
                "type": "string"
              }
            ]
          }
        },
        "スコープ：メイン処理": {
          "actions": {
            "条件:メール送信か": {
              "actions": {
                "メールの送信_(V2)": {
                  "runAfter": {},
                  "metadata": {
                    "operationMetadataId": "1f71a766-4036-4523-a68c-a902da4d0fb3"
                  },
                  "type": "OpenApiConnection",
                  "inputs": {
                    "host": {
                      "connectionName": "shared_office365",
                      "operationId": "SendEmailV2",
                      "apiId": "/providers/Microsoft.PowerApps/apis/shared_office365"
                    },
                    "parameters": {
                      "emailMessage/To": "@triggerBody()['text_3']",
                      "emailMessage/Subject": "【ワークフローエラー通知】@{variables('flowDisplayName')}エラーが発生しました。",
                      "emailMessage/Body": "<p>@{variables('mail_contents')}</p>",
                      "emailMessage/Importance": "Normal"
                    },
                    "authentication": {
                      "type": "Raw",
                      "value": "@json(decodeBase64(triggerOutputs().headers['X-MS-APIM-Tokens']))['$ConnectionKey']"
                    }
                  }
                }
              },
              "runAfter": {},
              "else": {
                "actions": {
                  "作成:toを分割": {
                    "runAfter": {},
                    "metadata": {
                      "operationMetadataId": "26921ccb-f00a-409b-adf9-5741189ce1d6"
                    },
                    "type": "Compose",
                    "inputs": "@split(triggerBody()['text_3'],';')"
                  },
                  "Apply_to_each": {
                    "foreach": "@outputs('作成:toを分割')",
                    "actions": {
                      "条件:空文字かどうか": {
                        "actions": {},
                        "runAfter": {},
                        "else": {
                          "actions": {
                            "ユーザー_プロフィールの取得_(V2)": {
                              "runAfter": {},
                              "metadata": {
                                "operationMetadataId": "cd72b9b0-c5c7-48af-8054-2a909eec65a4"
                              },
                              "type": "OpenApiConnection",
                              "inputs": {
                                "host": {
                                  "connectionName": "shared_office365users_1",
                                  "operationId": "UserProfile_V2",
                                  "apiId": "/providers/Microsoft.PowerApps/apis/shared_office365users"
                                },
                                "parameters": {
                                  "id": "@trim(item())"
                                },
                                "authentication": {
                                  "type": "Raw",
                                  "value": "@json(decodeBase64(triggerOutputs().headers['X-MS-APIM-Tokens']))['$ConnectionKey']"
                                }
                              }
                            },
                            "ユーザーの_@mention_トークンを取得する": {
                              "runAfter": {
                                "ユーザー_プロフィールの取得_(V2)": [
                                  "Succeeded"
                                ]
                              },
                              "metadata": {
                                "operationMetadataId": "49a94b8c-2d1d-4870-962b-262c7f48606b"
                              },
                              "type": "OpenApiConnection",
                              "inputs": {
                                "host": {
                                  "connectionName": "shared_teams_1",
                                  "operationId": "AtMentionUser",
                                  "apiId": "/providers/Microsoft.PowerApps/apis/shared_teams"
                                },
                                "parameters": {
                                  "userId": "@outputs('ユーザー_プロフィールの取得_(V2)')?['body/userPrincipalName']"
                                },
                                "authentication": {
                                  "type": "Raw",
                                  "value": "@json(decodeBase64(triggerOutputs().headers['X-MS-APIM-Tokens']))['$ConnectionKey']"
                                }
                              },
                              "runtimeConfiguration": {
                                "staticResult": {
                                  "staticResultOptions": "Disabled",
                                  "name": "ユーザーの_@mention_トークンを取得する0"
                                }
                              }
                            },
                            "チャットまたはチャネルでメッセージを投稿する": {
                              "runAfter": {
                                "ユーザーの_@mention_トークンを取得する": [
                                  "Succeeded"
                                ]
                              },
                              "metadata": {
                                "operationMetadataId": "88268b6f-915f-4288-9477-e32c6d46e154"
                              },
                              "type": "OpenApiConnection",
                              "inputs": {
                                "host": {
                                  "connectionName": "shared_teams_1",
                                  "operationId": "PostMessageToConversation",
                                  "apiId": "/providers/Microsoft.PowerApps/apis/shared_teams"
                                },
                                "parameters": {
                                  "poster": "Flow bot",
                                  "location": "Chat with Flow bot",
                                  "body/recipient": "@{outputs('ユーザー_プロフィールの取得_(V2)')?['body/mail']};",
                                  "body/messageBody": "<p>@{outputs('ユーザーの_@mention_トークンを取得する')?['body/atMention']}さん<br>\n@{variables('mail_contents')}</p>"
                                },
                                "authentication": {
                                  "type": "Raw",
                                  "value": "@json(decodeBase64(triggerOutputs().headers['X-MS-APIM-Tokens']))['$ConnectionKey']"
                                }
                              },
                              "runtimeConfiguration": {
                                "staticResult": {
                                  "staticResultOptions": "Disabled",
                                  "name": "チャットまたはチャネルでメッセージを投稿する1"
                                }
                              }
                            }
                          }
                        },
                        "expression": {
                          "equals": [
                            "@empty(trim(item()))",
                            true
                          ]
                        },
                        "metadata": {
                          "operationMetadataId": "1541a29e-ed14-4be2-8b7a-7e898bc03f71"
                        },
                        "type": "If"
                      }
                    },
                    "runAfter": {
                      "作成:toを分割": [
                        "Succeeded"
                      ]
                    },
                    "metadata": {
                      "operationMetadataId": "c4813502-25e9-4946-a642-78c0c0376aab"
                    },
                    "type": "Foreach"
                  }
                }
              },
              "expression": {
                "equals": [
                  "@triggerBody()['text_2']",
                  "メール"
                ]
              },
              "metadata": {
                "operationMetadataId": "7eb03077-7ccc-4912-9fc3-bc9d62423377"
              },
              "type": "If"
            }
          },
          "runAfter": {
            "スコープ：エラー情報解析部": [
              "Succeeded",
              "Failed",
              "Skipped",
              "TimedOut"
            ]
          },
          "metadata": {
            "operationMetadataId": "b912d6ee-6bdb-465f-bb84-4c8c275cd672"
          },
          "type": "Scope"
        },
        "スコープ：ワークフロー情報解析部": {
          "actions": {
            "JSON_の解析:org_workflow": {
              "runAfter": {},
              "metadata": {
                "operationMetadataId": "fcf6b580-f3a6-49b6-af2f-a4adcd49636f"
              },
              "type": "ParseJson",
              "inputs": {
                "content": "@triggerBody()['text']",
                "schema": {
                  "type": "object",
                  "properties": {
                    "id": {
                      "type": "string"
                    },
                    "name": {
                      "type": "string"
                    },
                    "type": {
                      "type": "string"
                    },
                    "location": {
                      "type": "string"
                    },
                    "tags": {
                      "type": "object",
                      "properties": {
                        "flowDisplayName": {
                          "type": "string"
                        },
                        "environmentName": {
                          "type": "string"
                        },
                        "logicAppName": {
                          "type": "string"
                        },
                        "environmentWorkflowId": {
                          "type": "string"
                        },
                        "xrmWorkflowId": {
                          "type": "string"
                        },
                        "environmentFlowSuspensionReason": {
                          "type": "string"
                        },
                        "sharingType": {
                          "type": "string"
                        },
                        "state": {
                          "type": "string"
                        },
                        "createdTime": {
                          "type": "string"
                        },
                        "lastModifiedTime": {
                          "type": "string"
                        },
                        "createdBy": {
                          "type": "string"
                        },
                        "triggerType": {
                          "type": "string"
                        }
                      }
                    },
                    "run": {
                      "type": "object",
                      "properties": {
                        "id": {
                          "type": "string"
                        },
                        "name": {
                          "type": "string"
                        },
                        "type": {
                          "type": "string"
                        }
                      }
                    }
                  }
                }
              }
            },
            "変数の設定:flowDisplayName": {
              "runAfter": {
                "作成:org_workflows_runs": [
                  "Succeeded"
                ]
              },
              "metadata": {
                "operationMetadataId": "3ae61ff9-f6ad-47bc-bc76-55d4425d149c"
              },
              "type": "SetVariable",
              "inputs": {
                "name": "flowDisplayName",
                "value": "@body('JSON_の解析:org_workflow')?['tags']?['flowDisplayName']"
              }
            },
            "文字列変数に追加:mail_contents1": {
              "runAfter": {
                "変数の設定:flowDisplayName": [
                  "Succeeded"
                ]
              },
              "metadata": {
                "operationMetadataId": "695f8d67-4e28-4286-b018-e14085122e84"
              },
              "type": "AppendToStringVariable",
              "inputs": {
                "name": "mail_contents",
                "value": "<p>ご担当者　 様<br>\n<br>\nワークフロー「@{variables('flowDisplayName')}」でエラーが発生しました。<br>\nエラーの詳細は、以下のリンクから確認してください。<br>\n<br>\n【フローの詳細画面のURL】：<br>\n<a href=\"@{outputs('作成:org_workflow_details')}\">@{outputs('作成:org_workflow_details')}</a><br>\n<br>\n【フローの実行履歴詳細のURL】：<br>\n<a href=\"@{outputs('作成:org_workflows_runs')}\">@{outputs('作成:org_workflows_runs')}</a><br>\n<br>"
              }
            },
            "作成:org_workflow_details": {
              "runAfter": {
                "JSON_の解析:org_workflow": [
                  "Succeeded"
                ]
              },
              "metadata": {
                "operationMetadataId": "40277131-11fe-45a9-aec8-1ff1e464f0b9"
              },
              "type": "Compose",
              "inputs": "https://make.powerautomate.com/manage/environments/@{body('JSON_の解析:org_workflow')?['tags']?['environmentName']}/flows/@{body('JSON_の解析:org_workflow')?['name']}/details"
            },
            "作成:org_workflows_runs": {
              "runAfter": {
                "作成:org_workflow_details": [
                  "Succeeded"
                ]
              },
              "metadata": {
                "operationMetadataId": "acb3e6c9-69a8-4afa-bb15-73f31c4f96a3"
              },
              "type": "Compose",
              "inputs": "https://make.powerautomate.com/manage/environments/@{body('JSON_の解析:org_workflow')?['tags']?['environmentName']}/flows/@{body('JSON_の解析:org_workflow')?['name']}/runs/@{body('JSON_の解析:org_workflow')?['run']?['name']}"
            }
          },
          "runAfter": {
            "変数を初期化する:mail_contents": [
              "Succeeded"
            ]
          },
          "metadata": {
            "operationMetadataId": "624bd6fb-1ef1-4198-8220-099053085c25"
          },
          "type": "Scope"
        },
        "スコープ：スペシャルメッセージ追記部": {
          "actions": {
            "条件": {
              "actions": {},
              "runAfter": {},
              "else": {
                "actions": {
                  "文字列変数に追加": {
                    "runAfter": {},
                    "metadata": {
                      "operationMetadataId": "9a577bfa-e030-4ff2-b60d-43a2fa09f46a"
                    },
                    "type": "AppendToStringVariable",
                    "inputs": {
                      "name": "mail_contents",
                      "value": "@{triggerBody()['text_4']}<br>\n<br>"
                    }
                  }
                }
              },
              "expression": {
                "equals": [
                  "@empty(triggerBody()?['text_4'])",
                  true
                ]
              },
              "metadata": {
                "operationMetadataId": "7ec9f1c3-e27b-4431-9e3e-e2ef0248f0a5"
              },
              "type": "If"
            }
          },
          "runAfter": {
            "スコープ：ワークフロー情報解析部": [
              "Succeeded",
              "Failed",
              "Skipped",
              "TimedOut"
            ]
          },
          "metadata": {
            "operationMetadataId": "d649bfe8-5166-4d7e-8679-2d48f28f6b3b"
          },
          "type": "Scope"
        },
        "Respond_to_a_Power_App_or_flow": {
          "runAfter": {
            "スコープ：エラー処理": [
              "Succeeded",
              "Failed",
              "Skipped",
              "TimedOut"
            ]
          },
          "metadata": {
            "operationMetadataId": "3689bea3-b0a8-4198-9fc2-ac91dbbad3fd"
          },
          "type": "Response",
          "kind": "PowerApp",
          "inputs": {
            "statusCode": 200,
            "body": {},
            "schema": {
              "type": "object",
              "properties": {}
            }
          }
        },
        "スコープ：エラー処理": {
          "actions": {
            "条件:メール送信か_2": {
              "actions": {
                "作成:toを分割_2": {
                  "runAfter": {},
                  "metadata": {
                    "operationMetadataId": "26921ccb-f00a-409b-adf9-5741189ce1d6"
                  },
                  "type": "Compose",
                  "inputs": "@split(triggerBody()['text_3'], ';')"
                },
                "Apply_to_each_2": {
                  "foreach": "@outputs('作成:toを分割_2')",
                  "actions": {
                    "条件:空文字かどうか_2": {
                      "actions": {},
                      "runAfter": {},
                      "else": {
                        "actions": {
                          "ユーザー_プロフィールの取得_(V2)_2": {
                            "runAfter": {},
                            "metadata": {
                              "operationMetadataId": "cd72b9b0-c5c7-48af-8054-2a909eec65a4"
                            },
                            "type": "OpenApiConnection",
                            "inputs": {
                              "host": {
                                "connectionName": "shared_office365users_1",
                                "operationId": "UserProfile_V2",
                                "apiId": "/providers/Microsoft.PowerApps/apis/shared_office365users"
                              },
                              "parameters": {
                                "id": "@trim(item())"
                              },
                              "authentication": {
                                "type": "Raw",
                                "value": "@json(decodeBase64(triggerOutputs().headers['X-MS-APIM-Tokens']))['$ConnectionKey']"
                              }
                            }
                          },
                          "ユーザーの_@mention_トークンを取得する_2": {
                            "runAfter": {
                              "ユーザー_プロフィールの取得_(V2)_2": [
                                "Succeeded"
                              ]
                            },
                            "metadata": {
                              "operationMetadataId": "49a94b8c-2d1d-4870-962b-262c7f48606b"
                            },
                            "type": "OpenApiConnection",
                            "inputs": {
                              "host": {
                                "connectionName": "shared_teams_1",
                                "operationId": "AtMentionUser",
                                "apiId": "/providers/Microsoft.PowerApps/apis/shared_teams"
                              },
                              "parameters": {
                                "userId": "@outputs('ユーザー_プロフィールの取得_(V2)_2')?['body/userPrincipalName']"
                              },
                              "authentication": {
                                "type": "Raw",
                                "value": "@json(decodeBase64(triggerOutputs().headers['X-MS-APIM-Tokens']))['$ConnectionKey']"
                              }
                            },
                            "runtimeConfiguration": {
                              "staticResult": {
                                "staticResultOptions": "Disabled",
                                "name": "ユーザーの_@mention_トークンを取得する0"
                              }
                            }
                          },
                          "チャットまたはチャネルでメッセージを投稿する_2": {
                            "runAfter": {
                              "ユーザーの_@mention_トークンを取得する_2": [
                                "Succeeded"
                              ]
                            },
                            "metadata": {
                              "operationMetadataId": "88268b6f-915f-4288-9477-e32c6d46e154"
                            },
                            "type": "OpenApiConnection",
                            "inputs": {
                              "host": {
                                "connectionName": "shared_teams_1",
                                "operationId": "PostMessageToConversation",
                                "apiId": "/providers/Microsoft.PowerApps/apis/shared_teams"
                              },
                              "parameters": {
                                "poster": "Flow bot",
                                "location": "Chat with Flow bot",
                                "body/recipient": "@{outputs('ユーザー_プロフィールの取得_(V2)_2')?['body/mail']};",
                                "body/messageBody": "<p>@{outputs('ユーザーの_@mention_トークンを取得する_2')?['body/atMention']}さん<br>\n@{variables('mail_contents')}</p>"
                              },
                              "authentication": {
                                "type": "Raw",
                                "value": "@json(decodeBase64(triggerOutputs().headers['X-MS-APIM-Tokens']))['$ConnectionKey']"
                              }
                            },
                            "runtimeConfiguration": {
                              "staticResult": {
                                "staticResultOptions": "Disabled",
                                "name": "チャットまたはチャネルでメッセージを投稿する1"
                              }
                            }
                          }
                        }
                      },
                      "expression": {
                        "equals": [
                          "@empty(trim(item()))",
                          true
                        ]
                      },
                      "metadata": {
                        "operationMetadataId": "1541a29e-ed14-4be2-8b7a-7e898bc03f71"
                      },
                      "type": "If"
                    }
                  },
                  "runAfter": {
                    "作成:toを分割_2": [
                      "Succeeded"
                    ]
                  },
                  "metadata": {
                    "operationMetadataId": "c4813502-25e9-4946-a642-78c0c0376aab"
                  },
                  "type": "Foreach"
                }
              },
              "runAfter": {},
              "else": {
                "actions": {
                  "メールの送信_(V2)_2": {
                    "runAfter": {},
                    "metadata": {
                      "operationMetadataId": "1f71a766-4036-4523-a68c-a902da4d0fb3"
                    },
                    "type": "OpenApiConnection",
                    "inputs": {
                      "host": {
                        "connectionName": "shared_office365",
                        "operationId": "SendEmailV2",
                        "apiId": "/providers/Microsoft.PowerApps/apis/shared_office365"
                      },
                      "parameters": {
                        "emailMessage/To": "@triggerBody()['text_3']",
                        "emailMessage/Subject": "【ワークフローエラー通知】@{variables('flowDisplayName')}エラーが発生しました。",
                        "emailMessage/Body": "<p>@{variables('mail_contents')}</p>",
                        "emailMessage/Importance": "Normal"
                      },
                      "authentication": {
                        "type": "Raw",
                        "value": "@json(decodeBase64(triggerOutputs().headers['X-MS-APIM-Tokens']))['$ConnectionKey']"
                      }
                    }
                  }
                }
              },
              "expression": {
                "equals": [
                  "@triggerBody()['text_2']",
                  "メール"
                ]
              },
              "metadata": {
                "operationMetadataId": "7eb03077-7ccc-4912-9fc3-bc9d62423377"
              },
              "type": "If"
            }
          },
          "runAfter": {
            "スコープ：メイン処理": [
              "Failed",
              "TimedOut"
            ]
          },
          "metadata": {
            "operationMetadataId": "b912d6ee-6bdb-465f-bb84-4c8c275cd672"
          },
          "type": "Scope"
        }
      }
    },
    "templateName": ""
  },
  "schemaVersion": "1.0.0.0"
}