{
  "properties": {
    "connectionReferences": {},
    "definition": {
      "$schema": "https://schema.management.azure.com/providers/Microsoft.Logic/schemas/2016-06-01/workflowdefinition.json#",
      "contentVersion": "1.0.0.0",
      "parameters": {
        "$authentication": {
          "defaultValue": {},
          "type": "SecureObject"
        },
        "Err_To_Default (fukuda_Err_To_Default)": {
          "defaultValue": "admin@30qxkb.onmicrosoft.com",
          "type": "String",
          "metadata": {
            "schemaName": "fukuda_Err_To_Default"
          }
        }
      },
      "triggers": {
        "manual": {
          "metadata": {
            "operationMetadataId": "846613d8-3986-467d-a360-26fa684d762a"
          },
          "type": "Request",
          "kind": "Button",
          "inputs": {
            "schema": {
              "type": "object",
              "properties": {},
              "required": []
            }
          }
        }
      },
      "actions": {
        "スコープ:try": {
          "actions": {},
          "runAfter": {
            "変数を初期化する:err_to": [
              "Succeeded"
            ]
          },
          "metadata": {
            "operationMetadataId": "1c154761-b413-4e7b-9cba-f37ed17f5ce6"
          },
          "type": "Scope",
          "description": "このスコープ内に処理を実装してください。"
        },
        "スコープ:catch": {
          "actions": {
            "子フローの実行:エラー通知": {
              "runAfter": {},
              "metadata": {
                "operationMetadataId": "02bb4acf-3715-4a77-aedb-00c59eede195"
              },
              "type": "Workflow",
              "inputs": {
                "host": {
                  "workflowReferenceName": "37534a76-8280-f011-b4cc-7ced8d3c3b80"
                },
                "body": {
                  "text": "@string(workflow())",
                  "text_1": "メール",
                  "text_2": "@variables('err_to')",
                  "text_3": "@string(result('スコープ:try'))"
                }
              }
            }
          },
          "runAfter": {
            "スコープ:try": [
              "Failed",
              "TimedOut"
            ]
          },
          "metadata": {
            "operationMetadataId": "a692ea7c-6956-42a3-9267-ae2fb583ca8b"
          },
          "type": "Scope",
          "description": "汎用的なエラー処理が、標準で組み込まれています。"
        },
        "スコープ:finally": {
          "actions": {},
          "runAfter": {
            "スコープ:catch": [
              "Succeeded",
              "Failed",
              "TimedOut",
              "Skipped"
            ]
          },
          "metadata": {
            "operationMetadataId": "766ba756-1cf3-4c25-b02e-8c436dae40f8"
          },
          "type": "Scope",
          "description": "必ず実行したい処理を実装します。※以前に”終了”アクションを配置すると実行されません"
        },
        "変数を初期化する:err_to": {
          "runAfter": {},
          "metadata": {
            "operationMetadataId": "5c847d16-8835-4531-92a6-c081f4ec0d5f"
          },
          "type": "InitializeVariable",
          "inputs": {
            "variables": [
              {
                "name": "err_to",
                "type": "string",
                "value": "@parameters('Err_To_Default (fukuda_Err_To_Default)')"
              }
            ]
          },
          "description": "エラー発生時に通知するユーザのメールアドレスやUPNを記載します。"
        },
        "スコープ:terminate": {
          "actions": {
            "条件": {
              "actions": {
                "終了": {
                  "runAfter": {},
                  "metadata": {
                    "operationMetadataId": "5416a721-dc74-4a82-b45d-e74e9bf922d6"
                  },
                  "type": "Terminate",
                  "inputs": {
                    "runStatus": "Failed"
                  }
                }
              },
              "runAfter": {},
              "else": {
                "actions": {
                  "終了_2": {
                    "runAfter": {},
                    "metadata": {
                      "operationMetadataId": "ec232d5a-ece8-470c-85c5-efdc804c3af4"
                    },
                    "type": "Terminate",
                    "inputs": {
                      "runStatus": "Succeeded"
                    }
                  }
                }
              },
              "expression": {
                "equals": [
                  "@actions('子フローの実行:エラー通知')?['outputs']?['statusCode']",
                  200
                ]
              },
              "metadata": {
                "operationMetadataId": "365dcb41-2365-4c89-9e0d-3dcd6270b81c"
              },
              "type": "If",
              "description": "actions('子フローの実行:エラー通知')?['outputs']?['statusCode']"
            }
          },
          "runAfter": {
            "スコープ:finally": [
              "Succeeded",
              "Failed",
              "Skipped",
              "TimedOut"
            ]
          },
          "metadata": {
            "operationMetadataId": "f23f5bbe-5d23-43ad-96ca-9b9646ca52f8"
          },
          "type": "Scope"
        }
      }
    },
    "templateName": ""
  },
  "schemaVersion": "1.0.0.0"
}