<environmentvariabledefinition schemaname="fukuda_Forms_Post_Notification_Form_Destination_Field_Id">
  <displayname default="Forms_Post_Notification_Form_Destination_Field_Id">
    <label description="Forms_Post_Notification_Form_Destination_Field_Id" languagecode="1041" />
  </displayname>
  <introducedversion>1.0.0.0</introducedversion>
  <iscustomizable>1</iscustomizable>
  <isrequired>0</isrequired>
  <secretstore>0</secretstore>
  <type>100000000</type>
</environmentvariabledefinition>